case,op,protocol,field,k,predicted_bits,field_bits,bit_width_covered,strategy,status,wall_ms,memory_mb,peak_rss_mb,pphlo_bytes,profiled,comm_send_bytes,comm_recv_bytes,comm_total_bytes,comm_send_actions,comm_recv_actions,output_bits,max_abs_error,tolerance,agreement,note,error,repeat,status_counts,value_runs,deviation_rate,wall_ms_p25,wall_ms_median,wall_ms_p75
TemporalOverlap ABY3 FM64 K=8 [pairwise],TemporalOverlap,ABY3,FM64,8,18,64,true,pairwise,ok,85.2627310000571,40.32421875,278.28125,2593,true,47872.0,47744.0,95872.0,578.0,580.0,1,0.0,0.0,true,"执行路径：spu.utils.simulation.Simulator(3, RuntimeConfig(ABY3, FM64, enable_pphlo_profile=True)) → sim_jax → frontend.compile(Kind.JAX)；重复 5 次：{'ok': 5}；通信量中位 95872 B（min 93952 / max 104064；抖动是实测现象，非解析确定量）",,5,"{""ok"": 5}",5,0.0,,,
TemporalOverlap ABY3 FM64 K=8 [sweep],TemporalOverlap,ABY3,FM64,8,18,64,true,sweep,ok,219.32773300000008,2.25,283.296875,7102,true,178760.0,142984.0,317968.0,1322.0,1256.0,1,0.0,0.0,true,"执行路径：spu.utils.simulation.Simulator(3, RuntimeConfig(ABY3, FM64, enable_pphlo_profile=True)) → sim_jax → frontend.compile(Kind.JAX)；重复 5 次：{'ok': 5}；通信量中位 317968 B（min 316176 / max 349584；抖动是实测现象，非解析确定量）",,5,"{""ok"": 5}",5,0.0,,,
TemporalOverlap ABY3 FM64 K=32 [pairwise],TemporalOverlap,ABY3,FM64,32,18,64,true,pairwise,ok,92.33620700001666,1.265625,288.5,2653,true,264192.0,232704.0,496896.0,579.0,579.0,1,0.0,0.0,true,"执行路径：spu.utils.simulation.Simulator(3, RuntimeConfig(ABY3, FM64, enable_pphlo_profile=True)) → sim_jax → frontend.compile(Kind.JAX)；重复 5 次：{'ok': 5}；通信量中位 496896 B（min 480000 / max 540416；抖动是实测现象，非解析确定量）",,5,"{""ok"": 5}",5,0.0,,,
TemporalOverlap ABY3 FM64 K=32 [sweep],TemporalOverlap,ABY3,FM64,32,18,64,true,sweep,ok,233.6701889998949,1.6875,293.0,7231,true,661768.0,594440.0,1265424.0,1450.0,1387.0,1,0.0,0.0,true,"执行路径：spu.utils.simulation.Simulator(3, RuntimeConfig(ABY3, FM64, enable_pphlo_profile=True)) → sim_jax → frontend.compile(Kind.JAX)；重复 5 次：{'ok': 5}；通信量中位 1265424 B（min 1249296 / max 1381392；抖动是实测现象，非解析确定量）",,5,"{""ok"": 5}",5,0.0,,,
TemporalOverlap ABY3 FM64 K=64 [pairwise],TemporalOverlap,ABY3,FM64,64,18,64,true,pairwise,ok,132.44185799999286,0.140625,294.6875,2653,true,678912.0,611328.0,1296896.0,586.0,571.0,1,0.0,0.0,true,"执行路径：spu.utils.simulation.Simulator(3, RuntimeConfig(ABY3, FM64, enable_pphlo_profile=True)) → sim_jax → frontend.compile(Kind.JAX)；重复 5 次：{'ok': 5}；通信量中位 1296896 B（min 1224704 / max 1320960；抖动是实测现象，非解析确定量）",,5,"{""ok"": 5}",5,0.0,,,
TemporalOverlap ABY3 FM64 K=64 [sweep],TemporalOverlap,ABY3,FM64,64,18,64,true,sweep,ok,239.46022800009814,4.8125,300.90625,7231,true,1429512.0,1083400.0,2497552.0,1516.0,1457.0,1,0.0,0.0,true,"执行路径：spu.utils.simulation.Simulator(3, RuntimeConfig(ABY3, FM64, enable_pphlo_profile=True)) → sim_jax → frontend.compile(Kind.JAX)；重复 5 次：{'ok': 5}；通信量中位 2497552 B（min 2490896 / max 2514960；抖动是实测现象，非解析确定量）",,5,"{""ok"": 5}",5,0.0,,,
TemporalOverlap ABY3 FM64 K=128 [pairwise],TemporalOverlap,ABY3,FM64,128,18,64,true,pairwise,ok,115.67051799988803,1.31640625,308.09375,2713,true,1946624.0,1926144.0,3853312.0,586.0,581.0,1,0.0,0.0,true,"执行路径：spu.utils.simulation.Simulator(3, RuntimeConfig(ABY3, FM64, enable_pphlo_profile=True)) → sim_jax → frontend.compile(Kind.JAX)；重复 5 次：{'ok': 5}；通信量中位 3853312 B（min 3756032 / max 3883008；抖动是实测现象，非解析确定量）",,5,"{""ok"": 5}",5,0.0,,,
TemporalOverlap ABY3 FM64 K=128 [sweep],TemporalOverlap,ABY3,FM64,128,18,64,true,sweep,ok,278.8177509999059,12.68359375,321.25390625,7291,true,2633224.0,2733576.0,5438480.0,1584.0,1517.0,1,0.0,0.0,true,"执行路径：spu.utils.simulation.Simulator(3, RuntimeConfig(ABY3, FM64, enable_pphlo_profile=True)) → sim_jax → frontend.compile(Kind.JAX)；重复 5 次：{'ok': 5}；通信量中位 5438480 B（min 4938768 / max 5561360；抖动是实测现象，非解析确定量）",,5,"{""ok"": 5}",5,0.0,,,
TemporalOverlap ABY3 FM64 K=256 [pairwise],TemporalOverlap,ABY3,FM64,256,18,64,true,pairwise,ok,176.97772499991515,15.8203125,370.4765625,2713,true,6293504.0,6273024.0,12546048.0,589.0,592.0,1,0.0,0.0,true,"执行路径：spu.utils.simulation.Simulator(3, RuntimeConfig(ABY3, FM64, enable_pphlo_profile=True)) → sim_jax → frontend.compile(Kind.JAX)；重复 5 次：{'ok': 5}；通信量中位 12546048 B（min 12503040 / max 12722176；抖动是实测现象，非解析确定量）",,5,"{""ok"": 5}",5,0.0,,,
TemporalOverlap ABY3 FM64 K=256 [sweep],TemporalOverlap,ABY3,FM64,256,18,64,true,sweep,ok,353.73410299985153,45.48828125,417.71484375,7360,true,5322760.0,5650440.0,10889232.0,1648.0,1582.0,1,0.0,0.0,true,"执行路径：spu.utils.simulation.Simulator(3, RuntimeConfig(ABY3, FM64, enable_pphlo_profile=True)) → sim_jax → frontend.compile(Kind.JAX)；重复 5 次：{'ok': 5}；通信量中位 10889232 B（min 9627664 / max 11180048；抖动是实测现象，非解析确定量）",,5,"{""ok"": 5}",5,0.0,,,
