case,op,protocol,field,k,predicted_bits,field_bits,bit_width_covered,status,wall_ms,memory_mb,peak_rss_mb,pphlo_bytes,profiled,comm_send_bytes,comm_recv_bytes,comm_total_bytes,comm_send_actions,comm_recv_actions,output_bits,max_abs_error,tolerance,agreement,note,error,repeat,status_counts,value_runs,deviation_rate,wall_ms_p25,wall_ms_median,wall_ms_p75
DistanceLE REF2K FM64 K=256,DistanceLE,REF2K,FM64,256,8,64,true,ok,44.607945001189364,39.6796875,277.65234375,1526,true,0.0,0.0,0.0,0.0,0.0,0,0.0,0.0,true,"执行路径：spu.utils.simulation.Simulator(2, RuntimeConfig(REF2K, FM64, enable_pphlo_profile=True)) → sim_jax → frontend.compile(Kind.JAX)；重复 5 次：{'ok': 5}；通信量 0 B（5 次逐字节一致）",,5,"{""ok"": 5}",5,0.0,,,
DistanceLE SEMI2K FM64 K=256,DistanceLE,SEMI2K,FM64,256,8,64,true,ok,46.221207001508446,1.171875,281.16796875,1526,true,4168.0,4168.0,8336.0,9.0,9.0,0,0.0,0.0,true,"执行路径：spu.utils.simulation.Simulator(2, RuntimeConfig(SEMI2K, FM64, enable_pphlo_profile=True)) → sim_jax → frontend.compile(Kind.JAX)；重复 5 次：{'ok': 5}；通信量 8336 B（5 次逐字节一致）",,5,"{""ok"": 5}",5,0.0,,,
DistanceLE ABY3 FM64 K=256,DistanceLE,ABY3,FM64,256,8,64,true,ok,46.521678999852156,1.6875,283.69921875,1526,true,2100.0,2100.0,4200.0,11.0,11.0,0,0.0,0.0,true,"执行路径：spu.utils.simulation.Simulator(3, RuntimeConfig(ABY3, FM64, enable_pphlo_profile=True)) → sim_jax → frontend.compile(Kind.JAX)；重复 5 次：{'ok': 5}；通信量 4200 B（5 次逐字节一致）",,5,"{""ok"": 5}",5,0.0,,,
DistanceLE CHEETAH FM64 K=256,DistanceLE,CHEETAH,FM64,256,8,64,true,ok,169.21774000002188,114.8359375,398.53515625,1526,true,1135682.0,1279195.0,2414954.0,954.0,954.0,0,0.0,0.0,true,"执行路径：spu.utils.simulation.Simulator(2, RuntimeConfig(CHEETAH, FM64, enable_pphlo_profile=True)) → sim_jax → frontend.compile(Kind.JAX)；重复 5 次：{'ok': 5}；通信量中位 2414954 B（min 2413534 / max 2415046；抖动是实测现象，非解析确定量）",,5,"{""ok"": 5}",5,0.0,,,
DistanceLE SECURENN FM64 K=256,DistanceLE,SECURENN,FM64,256,8,64,true,ok,47.94017300082487,0.0,414.203125,1526,true,6000.0,6032.0,12032.0,38.0,42.0,0,0.0,0.0,true,"执行路径：spu.utils.simulation.Simulator(3, RuntimeConfig(SECURENN, FM64, enable_pphlo_profile=True)) → sim_jax → frontend.compile(Kind.JAX)；重复 5 次：{'ok': 5}；通信量 12032 B（5 次逐字节一致）",,5,"{""ok"": 5}",5,0.0,,,
WeightedSum REF2K FM64 K=256,WeightedSum,REF2K,FM64,256,24,64,true,ok,34.72887899988564,0.0,414.203125,903,true,0.0,0.0,0.0,0.0,0.0,16,0.0,0.0,true,"执行路径：spu.utils.simulation.Simulator(2, RuntimeConfig(REF2K, FM64, enable_pphlo_profile=True)) → sim_jax → frontend.compile(Kind.JAX)；重复 5 次：{'ok': 5}；通信量 0 B（5 次逐字节一致）",,5,"{""ok"": 5}",5,0.0,,,
WeightedSum SEMI2K FM64 K=256,WeightedSum,SEMI2K,FM64,256,24,64,true,ok,38.751002997742034,0.0,414.203125,903,true,4096.0,4096.0,8192.0,1.0,1.0,16,0.0,0.0,true,"执行路径：spu.utils.simulation.Simulator(2, RuntimeConfig(SEMI2K, FM64, enable_pphlo_profile=True)) → sim_jax → frontend.compile(Kind.JAX)；重复 5 次：{'ok': 5}；通信量 8192 B（5 次逐字节一致）",,5,"{""ok"": 5}",5,0.0,,,
WeightedSum ABY3 FM64 K=256,WeightedSum,ABY3,FM64,256,24,64,true,ok,36.342834999231854,0.0,414.203125,903,true,2056.0,2056.0,4112.0,2.0,2.0,16,0.0,0.0,true,"执行路径：spu.utils.simulation.Simulator(3, RuntimeConfig(ABY3, FM64, enable_pphlo_profile=True)) → sim_jax → frontend.compile(Kind.JAX)；重复 5 次：{'ok': 5}；通信量 4112 B（5 次逐字节一致）",,5,"{""ok"": 5}",5,0.0,,,
WeightedSum CHEETAH FM64 K=256,WeightedSum,CHEETAH,FM64,256,24,64,true,ok,85.30375400005141,0.0,414.203125,903,true,665190.0,808903.0,1474167.0,6.0,6.0,16,0.0,0.0,true,"执行路径：spu.utils.simulation.Simulator(2, RuntimeConfig(CHEETAH, FM64, enable_pphlo_profile=True)) → sim_jax → frontend.compile(Kind.JAX)；重复 5 次：{'ok': 5}；通信量中位 1474167 B（min 1473656 / max 1474642；抖动是实测现象，非解析确定量）",,5,"{""ok"": 5}",5,0.0,,,
WeightedSum SECURENN FM64 K=256,WeightedSum,SECURENN,FM64,256,24,64,true,ok,35.4394889982359,0.0,414.203125,903,true,4096.0,4096.0,8192.0,2.0,2.0,16,0.0,0.0,true,"执行路径：spu.utils.simulation.Simulator(3, RuntimeConfig(SECURENN, FM64, enable_pphlo_profile=True)) → sim_jax → frontend.compile(Kind.JAX)；重复 5 次：{'ok': 5}；通信量 8192 B（5 次逐字节一致）",,5,"{""ok"": 5}",5,0.0,,,
TemporalOverlap REF2K FM64 K=32,TemporalOverlap,REF2K,FM64,32,18,64,true,ok,66.72832000185736,0.0,414.203125,2653,true,0.0,0.0,0.0,0.0,0.0,1,0.0,0.0,true,"执行路径：spu.utils.simulation.Simulator(2, RuntimeConfig(REF2K, FM64, enable_pphlo_profile=True)) → sim_jax → frontend.compile(Kind.JAX)；重复 5 次：{'ok': 5}；通信量 0 B（5 次逐字节一致）",,5,"{""ok"": 5}",5,0.0,,,
TemporalOverlap SEMI2K FM64 K=32,TemporalOverlap,SEMI2K,FM64,32,18,64,true,ok,94.49210000093444,0.0,414.203125,2653,true,348160.0,348160.0,696320.0,538.0,538.0,1,0.0,0.0,true,"执行路径：spu.utils.simulation.Simulator(2, RuntimeConfig(SEMI2K, FM64, enable_pphlo_profile=True)) → sim_jax → frontend.compile(Kind.JAX)；重复 5 次：{'ok': 5}；通信量 696320 B（5 次逐字节一致）",,5,"{""ok"": 5}",5,0.0,,,
TemporalOverlap ABY3 FM64 K=32,TemporalOverlap,ABY3,FM64,32,18,64,true,ok,87.32641599999624,0.0,414.203125,2653,true,255744.0,248320.0,508160.0,579.0,583.0,1,0.0,0.0,true,"执行路径：spu.utils.simulation.Simulator(3, RuntimeConfig(ABY3, FM64, enable_pphlo_profile=True)) → sim_jax → frontend.compile(Kind.JAX)；重复 5 次：{'ok': 5}；通信量中位 508160 B（min 486400 / max 541440；抖动是实测现象，非解析确定量）",,5,"{""ok"": 5}",5,0.0,,,
TemporalOverlap CHEETAH FM64 K=32,TemporalOverlap,CHEETAH,FM64,32,18,64,true,ok,1220.7855749984446,652.6484375,1066.8515625,2653,true,968710.0,789510.0,1758220.0,2910.0,2910.0,1,0.0,0.0,true,"执行路径：spu.utils.simulation.Simulator(2, RuntimeConfig(CHEETAH, FM64, enable_pphlo_profile=True)) → sim_jax → frontend.compile(Kind.JAX)；重复 5 次：{'ok': 5}；通信量 1758220 B（5 次逐字节一致）",,5,"{""ok"": 5}",5,0.0,,,
TemporalOverlap SECURENN FM64 K=32,TemporalOverlap,SECURENN,FM64,32,18,64,true,ok,608.2810730003985,0.0,1074.5625,2653,true,12812260.0,13025252.0,25837512.0,4764.0,5348.0,1,0.0,0.0,true,"执行路径：spu.utils.simulation.Simulator(3, RuntimeConfig(SECURENN, FM64, enable_pphlo_profile=True)) → sim_jax → frontend.compile(Kind.JAX)；重复 5 次：{'ok': 5}；通信量 25837512 B（5 次逐字节一致）",,5,"{""ok"": 5}",5,0.0,,,
DistanceLE ABY3 FM32 K=256,DistanceLE,ABY3,FM32,256,8,32,true,ok,43.891354001971195,0.0,1074.5625,1526,true,1052.0,1052.0,2104.0,10.0,10.0,0,0.0,0.0,true,"执行路径：spu.utils.simulation.Simulator(3, RuntimeConfig(ABY3, FM32, enable_pphlo_profile=True)) → sim_jax → frontend.compile(Kind.JAX)；重复 5 次：{'ok': 5}；通信量 2104 B（5 次逐字节一致）",,5,"{""ok"": 5}",5,0.0,,,
DistanceLE ABY3 FM64 K=256,DistanceLE,ABY3,FM64,256,8,64,true,ok,44.24193099839613,0.0,1074.5625,1526,true,2100.0,2100.0,4200.0,11.0,11.0,0,0.0,0.0,true,"执行路径：spu.utils.simulation.Simulator(3, RuntimeConfig(ABY3, FM64, enable_pphlo_profile=True)) → sim_jax → frontend.compile(Kind.JAX)；重复 5 次：{'ok': 5}；通信量 4200 B（5 次逐字节一致）",,5,"{""ok"": 5}",5,0.0,,,
DistanceLE ABY3 FM128 K=256,DistanceLE,ABY3,FM128,256,8,128,true,ok,44.0045880022808,0.0,1074.5625,1526,true,4196.0,4196.0,8392.0,12.0,12.0,0,0.0,0.0,true,"执行路径：spu.utils.simulation.Simulator(3, RuntimeConfig(ABY3, FM128, enable_pphlo_profile=True)) → sim_jax → frontend.compile(Kind.JAX)；重复 5 次：{'ok': 5}；通信量 8392 B（5 次逐字节一致）",,5,"{""ok"": 5}",5,0.0,,,
WeightedSum ABY3 FM32 K=256,WeightedSum,ABY3,FM32,256,24,32,true,ok,34.24077199815656,0.0,1074.5625,903,true,1028.0,1028.0,2056.0,2.0,2.0,16,0.0,0.0,true,"执行路径：spu.utils.simulation.Simulator(3, RuntimeConfig(ABY3, FM32, enable_pphlo_profile=True)) → sim_jax → frontend.compile(Kind.JAX)；重复 5 次：{'ok': 5}；通信量 2056 B（5 次逐字节一致）",,5,"{""ok"": 5}",5,0.0,,,
WeightedSum ABY3 FM64 K=256,WeightedSum,ABY3,FM64,256,24,64,true,ok,35.11518400046043,0.0,1074.5625,903,true,2056.0,2056.0,4112.0,2.0,2.0,16,0.0,0.0,true,"执行路径：spu.utils.simulation.Simulator(3, RuntimeConfig(ABY3, FM64, enable_pphlo_profile=True)) → sim_jax → frontend.compile(Kind.JAX)；重复 5 次：{'ok': 5}；通信量 4112 B（5 次逐字节一致）",,5,"{""ok"": 5}",5,0.0,,,
WeightedSum ABY3 FM128 K=256,WeightedSum,ABY3,FM128,256,24,128,true,ok,36.10666799795581,0.0,1074.5625,903,true,4112.0,4112.0,8224.0,2.0,2.0,16,0.0,0.0,true,"执行路径：spu.utils.simulation.Simulator(3, RuntimeConfig(ABY3, FM128, enable_pphlo_profile=True)) → sim_jax → frontend.compile(Kind.JAX)；重复 5 次：{'ok': 5}；通信量 8224 B（5 次逐字节一致）",,5,"{""ok"": 5}",5,0.0,,,
TemporalOverlap ABY3 FM32 K=32,TemporalOverlap,ABY3,FM32,32,18,32,true,ok,85.29814400026225,0.0,1074.5625,2653,true,132608.0,133888.0,269568.0,514.0,520.0,1,0.0,0.0,true,"执行路径：spu.utils.simulation.Simulator(3, RuntimeConfig(ABY3, FM32, enable_pphlo_profile=True)) → sim_jax → frontend.compile(Kind.JAX)；重复 5 次：{'ok': 5}；通信量中位 269568 B（min 259840 / max 273024；抖动是实测现象，非解析确定量）",,5,"{""ok"": 5}",5,0.0,,,
TemporalOverlap ABY3 FM64 K=32,TemporalOverlap,ABY3,FM64,32,18,64,true,ok,88.21267700113822,0.0,1074.5625,2653,true,263936.0,247040.0,507904.0,584.0,581.0,1,0.0,0.0,true,"执行路径：spu.utils.simulation.Simulator(3, RuntimeConfig(ABY3, FM64, enable_pphlo_profile=True)) → sim_jax → frontend.compile(Kind.JAX)；重复 5 次：{'ok': 5}；通信量中位 507904 B（min 485120 / max 516608；抖动是实测现象，非解析确定量）",,5,"{""ok"": 5}",5,0.0,,,
TemporalOverlap ABY3 FM128 K=32,TemporalOverlap,ABY3,FM128,32,18,128,true,ok,87.82957000221359,0.0,1074.5625,2653,true,506368.0,475136.0,962048.0,650.0,638.0,1,0.0,0.0,true,"执行路径：spu.utils.simulation.Simulator(3, RuntimeConfig(ABY3, FM128, enable_pphlo_profile=True)) → sim_jax → frontend.compile(Kind.JAX)；重复 5 次：{'ok': 5}；通信量中位 962048 B（min 955904 / max 1024512；抖动是实测现象，非解析确定量）",,5,"{""ok"": 5}",5,0.0,,,
DistanceLE ABY3 FM64 K=64,DistanceLE,ABY3,FM64,64,8,64,true,ok,43.74429599920404,0.0,1074.5625,1517,true,564.0,564.0,1128.0,11.0,11.0,0,0.0,0.0,true,"执行路径：spu.utils.simulation.Simulator(3, RuntimeConfig(ABY3, FM64, enable_pphlo_profile=True)) → sim_jax → frontend.compile(Kind.JAX)；重复 5 次：{'ok': 5}；通信量 1128 B（5 次逐字节一致）",,5,"{""ok"": 5}",5,0.0,,,
DistanceLE ABY3 FM64 K=256,DistanceLE,ABY3,FM64,256,8,64,true,ok,44.151275000331225,0.0,1074.5625,1526,true,2100.0,2100.0,4200.0,11.0,11.0,0,0.0,0.0,true,"执行路径：spu.utils.simulation.Simulator(3, RuntimeConfig(ABY3, FM64, enable_pphlo_profile=True)) → sim_jax → frontend.compile(Kind.JAX)；重复 5 次：{'ok': 5}；通信量 4200 B（5 次逐字节一致）",,5,"{""ok"": 5}",5,0.0,,,
DistanceLE ABY3 FM64 K=1024,DistanceLE,ABY3,FM64,1024,8,64,true,ok,44.62627999964752,0.0,1074.5625,1535,true,8244.0,8244.0,16488.0,11.0,11.0,0,0.0,0.0,true,"执行路径：spu.utils.simulation.Simulator(3, RuntimeConfig(ABY3, FM64, enable_pphlo_profile=True)) → sim_jax → frontend.compile(Kind.JAX)；重复 5 次：{'ok': 5}；通信量 16488 B（5 次逐字节一致）",,5,"{""ok"": 5}",5,0.0,,,
DistanceLE ABY3 FM64 K=4096,DistanceLE,ABY3,FM64,4096,8,64,true,ok,46.0253230012313,0.0,1074.5625,1535,true,32820.0,32820.0,65640.0,11.0,11.0,0,0.0,0.0,true,"执行路径：spu.utils.simulation.Simulator(3, RuntimeConfig(ABY3, FM64, enable_pphlo_profile=True)) → sim_jax → frontend.compile(Kind.JAX)；重复 5 次：{'ok': 5}；通信量 65640 B（5 次逐字节一致）",,5,"{""ok"": 5}",5,0.0,,,
WeightedSum ABY3 FM64 K=64,WeightedSum,ABY3,FM64,64,22,64,true,ok,34.35140399960801,0.0,1074.5625,898,true,520.0,520.0,1040.0,2.0,2.0,14,0.0,0.0,true,"执行路径：spu.utils.simulation.Simulator(3, RuntimeConfig(ABY3, FM64, enable_pphlo_profile=True)) → sim_jax → frontend.compile(Kind.JAX)；重复 5 次：{'ok': 5}；通信量 1040 B（5 次逐字节一致）",,5,"{""ok"": 5}",5,0.0,,,
WeightedSum ABY3 FM64 K=256,WeightedSum,ABY3,FM64,256,24,64,true,ok,35.16652699909173,0.0,1074.5625,903,true,2056.0,2056.0,4112.0,2.0,2.0,16,0.0,0.0,true,"执行路径：spu.utils.simulation.Simulator(3, RuntimeConfig(ABY3, FM64, enable_pphlo_profile=True)) → sim_jax → frontend.compile(Kind.JAX)；重复 5 次：{'ok': 5}；通信量 4112 B（5 次逐字节一致）",,5,"{""ok"": 5}",5,0.0,,,
WeightedSum ABY3 FM64 K=1024,WeightedSum,ABY3,FM64,1024,26,64,true,ok,35.157205998984864,0.0,1074.5625,908,true,8200.0,8200.0,16400.0,2.0,2.0,18,0.0,0.0,true,"执行路径：spu.utils.simulation.Simulator(3, RuntimeConfig(ABY3, FM64, enable_pphlo_profile=True)) → sim_jax → frontend.compile(Kind.JAX)；重复 5 次：{'ok': 5}；通信量 16400 B（5 次逐字节一致）",,5,"{""ok"": 5}",5,0.0,,,
WeightedSum ABY3 FM64 K=4096,WeightedSum,ABY3,FM64,4096,28,64,true,ok,36.295485002483474,0.0,1074.5625,908,true,32776.0,32776.0,65552.0,2.0,2.0,20,0.0,0.0,true,"执行路径：spu.utils.simulation.Simulator(3, RuntimeConfig(ABY3, FM64, enable_pphlo_profile=True)) → sim_jax → frontend.compile(Kind.JAX)；重复 5 次：{'ok': 5}；通信量 65552 B（5 次逐字节一致）",,5,"{""ok"": 5}",5,0.0,,,
TemporalOverlap ABY3 FM64 K=8,TemporalOverlap,ABY3,FM64,8,18,64,true,ok,82.32592399872374,0.0,1074.5625,2593,true,52928.0,48320.0,97856.0,582.0,569.0,1,0.0,0.0,true,"执行路径：spu.utils.simulation.Simulator(3, RuntimeConfig(ABY3, FM64, enable_pphlo_profile=True)) → sim_jax → frontend.compile(Kind.JAX)；重复 5 次：{'ok': 5}；通信量中位 97856 B（min 96000 / max 102208；抖动是实测现象，非解析确定量）",,5,"{""ok"": 5}",5,0.0,,,
TemporalOverlap ABY3 FM64 K=16,TemporalOverlap,ABY3,FM64,16,18,64,true,ok,84.30842600137112,0.0,1074.5625,2653,true,108544.0,107392.0,215936.0,578.0,584.0,1,0.0,0.0,true,"执行路径：spu.utils.simulation.Simulator(3, RuntimeConfig(ABY3, FM64, enable_pphlo_profile=True)) → sim_jax → frontend.compile(Kind.JAX)；重复 5 次：{'ok': 5}；通信量中位 215936 B（min 211584 / max 219392；抖动是实测现象，非解析确定量）",,5,"{""ok"": 5}",5,0.0,,,
TemporalOverlap ABY3 FM64 K=32,TemporalOverlap,ABY3,FM64,32,18,64,true,ok,84.10535300208721,0.0,1074.5625,2653,true,255232.0,252928.0,516608.0,583.0,587.0,1,0.0,0.0,true,"执行路径：spu.utils.simulation.Simulator(3, RuntimeConfig(ABY3, FM64, enable_pphlo_profile=True)) → sim_jax → frontend.compile(Kind.JAX)；重复 5 次：{'ok': 5}；通信量中位 516608 B（min 504576 / max 530944；抖动是实测现象，非解析确定量）",,5,"{""ok"": 5}",5,0.0,,,
WeightedSum ABY3 FM32 K=1048576,WeightedSum,ABY3,FM32,1048576,36,32,false,unavailable,,,,,false,,,,,,,,,,未实测：planner 预测 b(K=1048576)=36 > FM32=32，属越界组合；模 2^32 回绕的结果不能当有效数据（不伪造数字）；重复 5 次：{'unavailable': 5},,5,"{""unavailable"": 5}",0,,,,
