case,name,op,jax_primitive,hlo_primitive,needed_by,registered_jax,registered_hlo,protocol,field,elements,repeat,status,wall_ms,pphlo_bytes,profiled,comm_send_bytes,comm_recv_bytes,comm_total_bytes,comm_per_element,comm_by_primitive,within_tolerance,max_abs_error,tolerance,note,error
primitive_check mul N=64,mul,primitive_check,mul,multiply,general,true,true,ABY3,FM64,64,3,ok,22.260950001509627,493.0,true,512.0,512.0,1024.0,16.0,"{""multiply"": {""duration_s"": 5.7128e-05, ""executions"": 1, ""recv_bytes"": 512, ""send_bytes"": 512}}",true,0.0,0.0,"基线：秘密 × 秘密（P6 实测 16 B/元素）；执行路径：spu.utils.simulation.Simulator(3, RuntimeConfig(ABY3, FM64, enable_pphlo_profile=True)) → sim_jax → frontend.compile(Kind.JAX)",
primitive_check add N=64,add,primitive_check,add,add,general,true,true,ABY3,FM64,64,3,ok,21.821220998390345,488.0,true,0.0,0.0,0.0,0.0,"{""add"": {""duration_s"": 2.8227e-05, ""executions"": 1, ""recv_bytes"": 0, ""send_bytes"": 0}}",true,0.0,0.0,"秘密 + 秘密；执行路径：spu.utils.simulation.Simulator(3, RuntimeConfig(ABY3, FM64, enable_pphlo_profile=True)) → sim_jax → frontend.compile(Kind.JAX)",
primitive_check sub N=64,sub,primitive_check,sub,subtract,general,true,true,ABY3,FM64,64,3,ok,23.30691899987869,595.0,true,0.0,0.0,0.0,0.0,"{""add"": {""duration_s"": 1.1067e-05, ""executions"": 1, ""recv_bytes"": 0, ""send_bytes"": 0}, ""free"": {""duration_s"": 6.24e-07, ""executions"": 1, ""recv_bytes"": 0, ""send_bytes"": 0}, ""negate"": {""duration_s"": 2.1046e-05, ""executions"": 1, ""recv_bytes"": 0, ""send_bytes"": 0}}",true,0.0,0.0,"执行路径：spu.utils.simulation.Simulator(3, RuntimeConfig(ABY3, FM64, enable_pphlo_profile=True)) → sim_jax → frontend.compile(Kind.JAX)",
primitive_check neg N=64,neg,primitive_check,neg,negate,general,true,true,ABY3,FM64,64,3,ok,21.529412999370834,484.0,true,0.0,0.0,0.0,0.0,"{""negate"": {""duration_s"": 1.9944e-05, ""executions"": 1, ""recv_bytes"": 0, ""send_bytes"": 0}}",true,0.0,0.0,"取负；执行路径：spu.utils.simulation.Simulator(3, RuntimeConfig(ABY3, FM64, enable_pphlo_profile=True)) → sim_jax → frontend.compile(Kind.JAX)",
primitive_check max N=64,max,primitive_check,max,max,layout,true,true,ABY3,FM64,64,3,ok,23.2850150023296,770.0,true,3840.0,2816.0,6656.0,104.0,"{""free"": {""duration_s"": 1.025e-06, ""executions"": 1, ""recv_bytes"": 0, ""send_bytes"": 0}, ""less"": {""duration_s"": 0.000570252, ""executions"": 1, ""recv_bytes"": 2304, ""send_bytes"": 2304}, ""select"": {""duration_s"": 0.000176886, ""executions"": 1, ""recv_bytes"": 512, ""send_bytes"": 1536}}",true,0.0,0.0,"上界；执行路径：spu.utils.simulation.Simulator(3, RuntimeConfig(ABY3, FM64, enable_pphlo_profile=True)) → sim_jax → frontend.compile(Kind.JAX)",
primitive_check min N=64,min,primitive_check,min,min,layout,true,true,ABY3,FM64,64,3,ok,23.53945799768553,770.0,true,3840.0,2816.0,6656.0,104.0,"{""free"": {""duration_s"": 6.97e-07, ""executions"": 1, ""recv_bytes"": 0, ""send_bytes"": 0}, ""less"": {""duration_s"": 0.000543092, ""executions"": 1, ""recv_bytes"": 2304, ""send_bytes"": 2304}, ""select"": {""duration_s"": 0.000180251, ""executions"": 1, ""recv_bytes"": 512, ""send_bytes"": 1536}}",true,0.0,0.0,"下界；执行路径：spu.utils.simulation.Simulator(3, RuntimeConfig(ABY3, FM64, enable_pphlo_profile=True)) → sim_jax → frontend.compile(Kind.JAX)",
primitive_check and N=64,and,primitive_check,and,and,packing,true,true,ABY3,FM64,64,3,ok,22.988613000052283,488.0,true,14848.0,14848.0,29696.0,464.0,"{""and"": {""duration_s"": 0.000980628, ""executions"": 1, ""recv_bytes"": 14848, ""send_bytes"": 14848}}",true,0.0,0.0,"打包取槽要用（P7 只测过“秘密 & 公开常数”）；执行路径：spu.utils.simulation.Simulator(3, RuntimeConfig(ABY3, FM64, enable_pphlo_profile=True)) → sim_jax → frontend.compile(Kind.JAX)",
primitive_check or N=64,or,primitive_check,or,or,packing,true,true,ABY3,FM64,64,3,ok,23.368252997897798,486.0,true,29184.0,29184.0,58368.0,912.0,"{""or"": {""duration_s"": 0.001737846, ""executions"": 1, ""recv_bytes"": 29184, ""send_bytes"": 29184}}",true,0.0,0.0,"打包/位平面合并要用；执行路径：spu.utils.simulation.Simulator(3, RuntimeConfig(ABY3, FM64, enable_pphlo_profile=True)) → sim_jax → frontend.compile(Kind.JAX)",
primitive_check xor N=64,xor,primitive_check,,,packing,false,false,ABY3,FM64,64,3,ok,22.83593500033021,488.0,true,14336.0,14336.0,28672.0,448.0,"{""xor"": {""duration_s"": 0.000943252, ""executions"": 1, ""recv_bytes"": 14336, ""send_bytes"": 14336}}",true,0.0,0.0,"位平面异或用（登记表里**没有** xor，见 notes）；执行路径：spu.utils.simulation.Simulator(3, RuntimeConfig(ABY3, FM64, enable_pphlo_profile=True)) → sim_jax → frontend.compile(Kind.JAX)",
primitive_check not N=64,not,primitive_check,not,not,packing,true,true,ABY3,FM64,64,3,ok,21.056139001302654,481.0,true,0.0,0.0,0.0,0.0,"{""not"": {""duration_s"": 2.8261e-05, ""executions"": 1, ""recv_bytes"": 0, ""send_bytes"": 0}}",true,0.0,0.0,"位取反；执行路径：spu.utils.simulation.Simulator(3, RuntimeConfig(ABY3, FM64, enable_pphlo_profile=True)) → sim_jax → frontend.compile(Kind.JAX)",
primitive_check shift_left N=64,shift_left,primitive_check,shift_left,shift_left,packing,true,true,ABY3,FM64,64,3,ok,24.40796299924841,635.0,true,0.0,0.0,0.0,0.0,"{""constant"": {""duration_s"": 1.678e-05, ""executions"": 1, ""recv_bytes"": 0, ""send_bytes"": 0}, ""free"": {""duration_s"": 5.49e-07, ""executions"": 1, ""recv_bytes"": 0, ""send_bytes"": 0}, ""shift_left"": {""duration_s"": 2.2827e-05, ""executions"": 1, ""recv_bytes"": 0, ""send_bytes"": 0}}",true,0.0,0.0,"打包装槽要用（D3 §7 点名，此前未真机测）；执行路径：spu.utils.simulation.Simulator(3, RuntimeConfig(ABY3, FM64, enable_pphlo_profile=True)) → sim_jax → frontend.compile(Kind.JAX)",
primitive_check shift_right N=64,shift_right,primitive_check,shift_right,shift_right_arithmetic,packing,true,true,ABY3,FM64,64,3,ok,24.53342299850192,648.0,true,7168.0,7168.0,14336.0,224.0,"{""constant"": {""duration_s"": 1.8453e-05, ""executions"": 1, ""recv_bytes"": 0, ""send_bytes"": 0}, ""free"": {""duration_s"": 1.452e-06, ""executions"": 1, ""recv_bytes"": 0, ""send_bytes"": 0}, ""shift_right_arithmetic"": {""duration_s"": 0.000470489, ""executions"": 1, ""recv_bytes"": 7168, ""send_bytes"": 7168}}",true,0.0,0.0,"算术右移（P7 测过“秘密 >> 常数”，这里测“秘密 >> 秘密输入的同型张量”）；执行路径：spu.utils.simulation.Simulator(3, RuntimeConfig(ABY3, FM64, enable_pphlo_profile=True)) → sim_jax → frontend.compile(Kind.JAX)",
primitive_check dot N=64,dot,primitive_check,dot,dot,packing,true,true,ABY3,FM64,64,3,ok,22.260357000050135,989.0,true,8.0,8.0,16.0,0.25,"{""dot"": {""duration_s"": 0.000384272, ""executions"": 1, ""recv_bytes"": 8, ""send_bytes"": 8}, ""free"": {""duration_s"": 1.863e-06, ""executions"": 3, ""recv_bytes"": 0, ""send_bytes"": 0}, ""reshape"": {""duration_s"": 1.5681e-05, ""executions"": 3, ""recv_bytes"": 0, ""send_bytes"": 0}}",true,0.0,0.0,"打包归约候选（D3 §7 点名，此前未真机测）；执行路径：spu.utils.simulation.Simulator(3, RuntimeConfig(ABY3, FM64, enable_pphlo_profile=True)) → sim_jax → frontend.compile(Kind.JAX)",
primitive_check sum N=64,sum,primitive_check,sum,reduce,layout,true,true,ABY3,FM64,64,3,ok,28.18874700096785,788.0,true,8.0,8.0,16.0,0.25,"{""constant"": {""duration_s"": 1.5402e-05, ""executions"": 1, ""recv_bytes"": 0, ""send_bytes"": 0}, ""convert"": {""duration_s"": 6.2924e-05, ""executions"": 1, ""recv_bytes"": 8, ""send_bytes"": 8}, ""free"": {""duration_s"": 8.57e-07, ""executions"": 2, ""recv_bytes"": 0, ""send_bytes"": 0}, ""reduce"": {""duration_s"": 0.000182103, ""executions"": 1, ""recv_bytes"": 0, ""send_bytes"": 0}}",true,0.0,0.0,"跨元素求和（归约轴聚合的基元）；执行路径：spu.utils.simulation.Simulator(3, RuntimeConfig(ABY3, FM64, enable_pphlo_profile=True)) → sim_jax → frontend.compile(Kind.JAX)",
primitive_check compare N=64,compare,primitive_check,comparisons,compare,layout,true,true,ABY3,FM64,64,3,ok,32.758295001258375,1110.0,true,3080.0,2568.0,5648.0,88.25,"{""constant"": {""duration_s"": 9.912e-06, ""executions"": 1, ""recv_bytes"": 0, ""send_bytes"": 0}, ""convert"": {""duration_s"": 5.2416e-05, ""executions"": 2, ""recv_bytes"": 8, ""send_bytes"": 8}, ""free"": {""duration_s"": 1.4e-06, ""executions"": 4, ""recv_bytes"": 0, ""send_bytes"": 0}, ""less"": {""duration_s"": 0.000549147, ""executions"": 1, ""recv_bytes"": 2304, ""send_bytes"": 2304}, ""reduce"": {""duration_s"": 0.000202146, ""executions"": 1, ""recv_bytes"": 256, ""send_bytes"": 768}}",true,0.0,0.0,"逐候选判定（L2 归约轴的非线性核心）；执行路径：spu.utils.simulation.Simulator(3, RuntimeConfig(ABY3, FM64, enable_pphlo_profile=True)) → sim_jax → frontend.compile(Kind.JAX)",
primitive_check select N=64,select,primitive_check,select,select,layout,true,true,ABY3,FM64,64,3,ok,27.312279999023303,773.0,true,3840.0,2816.0,6656.0,104.0,"{""free"": {""duration_s"": 8.33e-07, ""executions"": 1, ""recv_bytes"": 0, ""send_bytes"": 0}, ""less"": {""duration_s"": 0.000499214, ""executions"": 1, ""recv_bytes"": 2304, ""send_bytes"": 2304}, ""select"": {""duration_s"": 0.00021067, ""executions"": 1, ""recv_bytes"": 512, ""send_bytes"": 1536}}",true,0.0,0.0,"jnp.where（逐候选判定）；执行路径：spu.utils.simulation.Simulator(3, RuntimeConfig(ABY3, FM64, enable_pphlo_profile=True)) → sim_jax → frontend.compile(Kind.JAX)",
primitive_check sort N=64,sort,primitive_check,sort,sort,fragile,true,true,ABY3,FM64,64,3,ok,79.91389999733656,553.0,true,209920.0,176128.0,386048.0,6032.0,"{""simple_sort"": {""duration_s"": 0.053571485, ""executions"": 1, ""recv_bytes"": 143360, ""send_bytes"": 242688}}",true,0.0,0.0,"依赖 frontend 的 float→int 补丁，跨版本易碎；执行路径：spu.utils.simulation.Simulator(3, RuntimeConfig(ABY3, FM64, enable_pphlo_profile=True)) → sim_jax → frontend.compile(Kind.JAX)",
primitive_check top_k N=64,top_k,primitive_check,top_k,,fragile,true,false,ABY3,FM64,64,3,ok,26.21458000066923,604.0,true,8430.0,7918.0,16348.0,255.4375,{},true,0.0,0.0,"登记为已适配但历史未真机核验；执行路径：spu.utils.simulation.Simulator(3, RuntimeConfig(ABY3, FM64, enable_pphlo_profile=True)) → sim_jax → frontend.compile(Kind.JAX)",
primitive_check div N=64,div,primitive_check,div,divide,fragile,true,true,ABY3,FM64,64,3,ok,76.7823420028435,2264.0,true,163392.0,168768.0,334208.0,5222.0,"{""add"": {""duration_s"": 2.7274e-05, ""executions"": 2, ""recv_bytes"": 0, ""send_bytes"": 0}, ""and"": {""duration_s"": 0.000158824, ""executions"": 1, ""recv_bytes"": 64, ""send_bytes"": 64}, ""constant"": {""duration_s"": 4.1415e-05, ""executions"": 3, ""recv_bytes"": 0, ""send_bytes"": 0}, ""divide"": {""duration_s"": 0.016056097, ""executions"": 1, ""recv_bytes"": 70656, ""send_bytes"": 69120}, ""equal"": {""duration_s"": 0.001022321, ""executions"": 2, ""recv_bytes"": 2816, ""send_bytes"": 2816}, ""free"": {""duration_s"": 1.3548e-05, ""executions"": 14, ""recv_bytes"": 0, ""send_bytes"": 0}, ""not"": {""duration_s"": 3.4351e-05, ""executions"": 2, ""recv_bytes"": 0, ""send_bytes"": 0}, ""remainder"": {""duration_s"": 0.017139753, ""executions"": 1, ""recv_bytes"": 73472, ""send_bytes"": 69632}, ""select"": {""duration_s"": 0.000371797, ""executions"": 1, ""recv_bytes"": 1024, ""send_bytes"": 4608}, ""sign"": {""duration_s"": 0.00431724, ""executions"": 2, ""recv_bytes"": 20736, ""send_bytes"": 19200}}",true,0.0,0.0,"登记表标为高代价原语，核验其真机可用性；执行路径：spu.utils.simulation.Simulator(3, RuntimeConfig(ABY3, FM64, enable_pphlo_profile=True)) → sim_jax → frontend.compile(Kind.JAX)",
